<zone>
  <name>SimpleMMOWorld2</name>
  <isCustomLogin>false</isCustomLogin>
  <isForceLogout>true</isForceLogout>
  <applyWordsFilterToUserName>true</applyWordsFilterToUserName>
  <applyWordsFilterToRoomName>true</applyWordsFilterToRoomName>
  <applyWordsFilterToPrivateMessages>true</applyWordsFilterToPrivateMessages>
  <isFilterBuddyMessages>true</isFilterBuddyMessages>
  <maxUsers>100000</maxUsers>
  <maxUserVariablesAllowed>10</maxUserVariablesAllowed>
  <maxRoomVariablesAllowed>10</maxRoomVariablesAllowed>
  <minRoomNameChars>1</minRoomNameChars>
  <maxRoomNameChars>20</maxRoomNameChars>
  <maxRooms>500</maxRooms>
  <maxRoomsCreatedPerUser>10</maxRoomsCreatedPerUser>
  <userCountChangeUpdateInterval>1000</userCountChangeUpdateInterval>
  <userReconnectionSeconds>0</userReconnectionSeconds>
  <overrideMaxUserIdleTime>300</overrideMaxUserIdleTime>
  <allowGuestUsers>true</allowGuestUsers>
  <guestUserNamePrefix>Guest#</guestUserNamePrefix>
  <publicRoomGroups>default</publicRoomGroups>
  <defaultRoomGroups>default</defaultRoomGroups>
  <defaultPlayerIdGeneratorClass></defaultPlayerIdGeneratorClass>
  <wordsFilter active="false">
    <useWarnings>false</useWarnings>
    <warningsBeforeKick>3</warningsBeforeKick>
    <kicksBeforeBan>2</kicksBeforeBan>
    <banDuration>1440</banDuration>
    <maxBadWordsPerMessage>0</maxBadWordsPerMessage>
    <kicksBeforeBanMinutes>3</kicksBeforeBanMinutes>
    <secondsBeforeBanOrKick>5</secondsBeforeBanOrKick>
    <warningMessage>Stop swearing or you will be banned</warningMessage>
    <kickMessage>Swearing not allowed: you are being kicked</kickMessage>
    <banMessage>Too much swearing: you are banned</banMessage>
    <wordsFile>config/wordsFile.txt</wordsFile>
    <filterMode>BLACKLIST</filterMode>
    <banMode>NAME</banMode>
    <hideBadWordWithCharacter>*</hideBadWordWithCharacter>
  </wordsFilter>
  <floodFilter active="false">
    <banDurationMinutes>1440</banDurationMinutes>
    <maxFloodingAttempts>5</maxFloodingAttempts>
    <secondsBeforeBan>5</secondsBeforeBan>
    <banMode>NAME</banMode>
    <logFloodingAttempts>true</logFloodingAttempts>
    <banMessage>Too much flooding, you are banned</banMessage>
  </floodFilter>
  <rooms>
    <room>
      <name>The Map</name>
      <groupId>default</groupId>
      <password></password>
      <maxUsers>5000</maxUsers>
      <maxSpectators>0</maxSpectators>
      <isDynamic>false</isDynamic>
      <isGame>false</isGame>
      <isHidden>false</isHidden>
      <autoRemoveMode>DEFAULT</autoRemoveMode>
      <permissions>
        <flags>PUBLIC_MESSAGES</flags>
        <maxRoomVariablesAllowed>20</maxRoomVariablesAllowed>
      </permissions>
      <events>USER_COUNT_CHANGE_EVENT,USER_VARIABLES_UPDATE_EVENT</events>
      <badWordsFilter isActive="false"/>
      <roomVariables/>
      <extension>
        <name>SimpleMMO2-JS</name>
        <type>JAVASCRIPT</type>
        <file>SimpleMMOExtension.js</file>
        <propertiesFile></propertiesFile>
        <reloadMode>AUTO</reloadMode>
      </extension>
      <mmoSettings>
        <isActive>true</isActive>
        <defaultAOI>240,180,0</defaultAOI>
        <lowerMapLimit>0,0,0</lowerMapLimit>
        <higherMapLimit>1400,740,0</higherMapLimit>
        <userMaxLimboSeconds>30</userMaxLimboSeconds>
        <proximityListUpdateMillis>250</proximityListUpdateMillis>
        <sendAOIEntryPoint>true</sendAOIEntryPoint>
      </mmoSettings>
    </room>
    <room>
      <name>The Other Map</name>
      <groupId>default</groupId>
      <password></password>
      <maxUsers>5000</maxUsers>
      <maxSpectators>0</maxSpectators>
      <isDynamic>false</isDynamic>
      <isGame>false</isGame>
      <isHidden>false</isHidden>
      <autoRemoveMode>DEFAULT</autoRemoveMode>
      <permissions>
        <flags>PUBLIC_MESSAGES</flags>
        <maxRoomVariablesAllowed>20</maxRoomVariablesAllowed>
      </permissions>
      <events>USER_COUNT_CHANGE_EVENT,USER_VARIABLES_UPDATE_EVENT</events>
      <badWordsFilter isActive="false"/>
      <roomVariables/>
      <extension>
        <name>SimpleMMO2-JS</name>
        <type>JAVASCRIPT</type>
        <file>SimpleMMOExtension.js</file>
        <propertiesFile></propertiesFile>
        <reloadMode>AUTO</reloadMode>
      </extension>
      <!-- Comment node above and uncomment the following to use the Java version of the SimpleMMOWorld2 Extension -->
      <!--
      <extension>
        <name>SimpleMMO2</name>
        <type>JAVA</type>
        <file>sfs2x.extensions.games.simplemmo2.SimpleMMOExtension</file>
        <propertiesFile></propertiesFile>
        <reloadMode>AUTO</reloadMode>
      </extension>
      -->
      <mmoSettings>
        <isActive>true</isActive>
        <defaultAOI>240,180,0</defaultAOI>
        <lowerMapLimit>0,0,0</lowerMapLimit>
        <higherMapLimit>1400,740,0</higherMapLimit>
        <userMaxLimboSeconds>30</userMaxLimboSeconds>
        <proximityListUpdateMillis>250</proximityListUpdateMillis>
        <sendAOIEntryPoint>true</sendAOIEntryPoint>
      </mmoSettings>
    </room>
  </rooms>
  <disabledSystemEvents/>
  <privilegeManager active="false">
    <profiles>
      <profile id="0">
        <name>Guest</name>
        <deniedRequests/>
        <permissionFlags>
          <string>ExtensionCalls</string>
        </permissionFlags>
      </profile>
      <profile id="1">
        <name>Standard</name>
        <deniedRequests/>
        <permissionFlags>
          <string>ExtensionCalls</string>
        </permissionFlags>
      </profile>
      <profile id="2">
        <name>Moderator</name>
        <deniedRequests/>
        <permissionFlags>
          <string>ExtensionCalls</string>
          <string>SuperUser</string>
        </permissionFlags>
      </profile>
      <profile id="3">
        <name>Administrator</name>
        <deniedRequests/>
        <permissionFlags>
          <string>ExtensionCalls</string>
          <string>SuperUser</string>
        </permissionFlags>
      </profile>
    </profiles>
  </privilegeManager>
  <extension>
    <name></name>
    <type>JAVA</type>
    <file></file>
    <propertiesFile></propertiesFile>
    <reloadMode>AUTO</reloadMode>
  </extension>
  <buddyList active="false">
    <allowOfflineBuddyVariables>true</allowOfflineBuddyVariables>
    <maxItemsPerList>100</maxItemsPerList>
    <maxBuddyVariables>15</maxBuddyVariables>
    <offlineBuddyVariablesCacheSize>500</offlineBuddyVariablesCacheSize>
    <customStorageClass></customStorageClass>
    <useTempBuddies>true</useTempBuddies>
    <buddyStates>
      <string>Available</string>
      <string>Away</string>
      <string>Occupied</string>
    </buddyStates>
    <badWordsFilter isActive="true"/>
  </buddyList>
  <databaseManager active="false">
    <driverName></driverName>
    <connectionString></connectionString>
    <userName></userName>
    <password></password>
    <testSql></testSql>
    <maxActiveConnections>10</maxActiveConnections>
    <maxIdleConnections>10</maxIdleConnections>
    <exhaustedPoolAction>FAIL</exhaustedPoolAction>
    <blockTime>3000</blockTime>
  </databaseManager>
</zone>